{
  "hash": "49438212",
  "configHash": "6755b6e2",
  "lockfileHash": "12bdf649",
  "browserHash": "14d7e700",
  "optimized": {
    "@angular/cdk/bidi": {
      "src": "../../../../../../node_modules/@angular/cdk/fesm2022/bidi.mjs",
      "file": "@angular_cdk_bidi.js",
      "fileHash": "d62d9e10",
      "needsInterop": false
    },
    "@angular/cdk/scrolling": {
      "src": "../../../../../../node_modules/@angular/cdk/fesm2022/scrolling.mjs",
      "file": "@angular_cdk_scrolling.js",
      "fileHash": "3afc82ff",
      "needsInterop": false
    },
    "@angular/cdk/text-field": {
      "src": "../../../../../../node_modules/@angular/cdk/fesm2022/text-field.mjs",
      "file": "@angular_cdk_text-field.js",
      "fileHash": "c6531237",
      "needsInterop": false
    },
    "@angular/common": {
      "src": "../../../../../../node_modules/@angular/common/fesm2022/common.mjs",
      "file": "@angular_common.js",
      "fileHash": "ae3ffc22",
      "needsInterop": false
    },
    "@angular/common/http": {
      "src": "../../../../../../node_modules/@angular/common/fesm2022/http.mjs",
      "file": "@angular_common_http.js",
      "fileHash": "c8f9c56f",
      "needsInterop": false
    },
    "@angular/core": {
      "src": "../../../../../../node_modules/@angular/core/fesm2022/core.mjs",
      "file": "@angular_core.js",
      "fileHash": "f805543b",
      "needsInterop": false
    },
    "@angular/forms": {
      "src": "../../../../../../node_modules/@angular/forms/fesm2022/forms.mjs",
      "file": "@angular_forms.js",
      "fileHash": "dee60d24",
      "needsInterop": false
    },
    "@angular/material/button": {
      "src": "../../../../../../node_modules/@angular/material/fesm2022/button.mjs",
      "file": "@angular_material_button.js",
      "fileHash": "b33b0527",
      "needsInterop": false
    },
    "@angular/material/core": {
      "src": "../../../../../../node_modules/@angular/material/fesm2022/core.mjs",
      "file": "@angular_material_core.js",
      "fileHash": "a08af6bf",
      "needsInterop": false
    },
    "@angular/material/datepicker": {
      "src": "../../../../../../node_modules/@angular/material/fesm2022/datepicker.mjs",
      "file": "@angular_material_datepicker.js",
      "fileHash": "b2c42dca",
      "needsInterop": false
    },
    "@angular/material/form-field": {
      "src": "../../../../../../node_modules/@angular/material/fesm2022/form-field.mjs",
      "file": "@angular_material_form-field.js",
      "fileHash": "95a6f5d8",
      "needsInterop": false
    },
    "@angular/material/icon": {
      "src": "../../../../../../node_modules/@angular/material/fesm2022/icon.mjs",
      "file": "@angular_material_icon.js",
      "fileHash": "066978ec",
      "needsInterop": false
    },
    "@angular/material/input": {
      "src": "../../../../../../node_modules/@angular/material/fesm2022/input.mjs",
      "file": "@angular_material_input.js",
      "fileHash": "1d05320f",
      "needsInterop": false
    },
    "@angular/material/table": {
      "src": "../../../../../../node_modules/@angular/material/fesm2022/table.mjs",
      "file": "@angular_material_table.js",
      "fileHash": "e412851b",
      "needsInterop": false
    },
    "@angular/material/toolbar": {
      "src": "../../../../../../node_modules/@angular/material/fesm2022/toolbar.mjs",
      "file": "@angular_material_toolbar.js",
      "fileHash": "f923c557",
      "needsInterop": false
    },
    "@angular/platform-browser": {
      "src": "../../../../../../node_modules/@angular/platform-browser/fesm2022/platform-browser.mjs",
      "file": "@angular_platform-browser.js",
      "fileHash": "a5ce97c8",
      "needsInterop": false
    },
    "@angular/platform-browser/animations/async": {
      "src": "../../../../../../node_modules/@angular/platform-browser/fesm2022/animations/async.mjs",
      "file": "@angular_platform-browser_animations_async.js",
      "fileHash": "3e0a35de",
      "needsInterop": false
    },
    "@angular/router": {
      "src": "../../../../../../node_modules/@angular/router/fesm2022/router.mjs",
      "file": "@angular_router.js",
      "fileHash": "bc4d2342",
      "needsInterop": false
    },
    "@sweetalert2/ngx-sweetalert2": {
      "src": "../../../../../../node_modules/@sweetalert2/ngx-sweetalert2/fesm2022/sweetalert2-ngx-sweetalert2.mjs",
      "file": "@sweetalert2_ngx-sweetalert2.js",
      "fileHash": "84a9e817",
      "needsInterop": false
    }
  },
  "chunks": {
    "browser-UHNT3QSC": {
      "file": "browser-UHNT3QSC.js"
    },
    "sweetalert2.esm.all-ZD4FRQ5W": {
      "file": "sweetalert2__esm__all-ZD4FRQ5W.js"
    },
    "chunk-5UP6ZULU": {
      "file": "chunk-5UP6ZULU.js"
    },
    "chunk-AOMACK53": {
      "file": "chunk-AOMACK53.js"
    },
    "chunk-N2W4HOA6": {
      "file": "chunk-N2W4HOA6.js"
    },
    "chunk-MDBDSJQS": {
      "file": "chunk-MDBDSJQS.js"
    },
    "chunk-X6Z55YMZ": {
      "file": "chunk-X6Z55YMZ.js"
    },
    "chunk-4Y4J5HA5": {
      "file": "chunk-4Y4J5HA5.js"
    },
    "chunk-REKRIZED": {
      "file": "chunk-REKRIZED.js"
    },
    "chunk-Y57ULUDV": {
      "file": "chunk-Y57ULUDV.js"
    },
    "chunk-IRBLNBC7": {
      "file": "chunk-IRBLNBC7.js"
    },
    "chunk-2JKR35JG": {
      "file": "chunk-2JKR35JG.js"
    },
    "chunk-AIDQ3PBK": {
      "file": "chunk-AIDQ3PBK.js"
    },
    "chunk-TXUMBPYF": {
      "file": "chunk-TXUMBPYF.js"
    },
    "chunk-TXI3CGD3": {
      "file": "chunk-TXI3CGD3.js"
    },
    "chunk-PD43RDSJ": {
      "file": "chunk-PD43RDSJ.js"
    },
    "chunk-7CKPSM35": {
      "file": "chunk-7CKPSM35.js"
    },
    "chunk-WDMUDEB6": {
      "file": "chunk-WDMUDEB6.js"
    }
  }
}